<edmx:Edmx xmlns:edmx="http://schemas.microsoft.com/ado/2007/06/edmx"
	xmlns:m="http://schemas.microsoft.com/ado/2007/08/dataservices/metadata" xmlns:sap="http://www.sap.com/Protocols/SAPData" Version="1.0">
	<edmx:DataServices m:DataServiceVersion="2.0">
		<Schema xmlns="http://schemas.microsoft.com/ado/2008/09/edm" Namespace="ZOP_DTT_INSPECTION_APP_SRV" xml:lang="en" sap:schema-version="1">
			<EntityType Name="ET_Checklist" sap:content-version="1">
				<Key><PropertyRef Name="ObjectType"/></Key><Property Name="ObjectType" Type="Edm.String" Nullable="false" MaxLength="10" sap:unicode="false" sap:label="Object Type"
					sap:creatable="false" sap:updatable="false" sap:sortable="false" sap:filterable="false"/><NavigationProperty Name="NAVTRUCKCHL" Relationship="ZOP_DTT_INSPECTION_APP_SRV.AS_TruckChecklist" FromRole="FromRole_AS_TruckChecklist"
					ToRole="ToRole_AS_TruckChecklist"/><NavigationProperty Name="NAVDOCUCHL" Relationship="ZOP_DTT_INSPECTION_APP_SRV.AS_DocuChecklist" FromRole="FromRole_AS_DocuChecklist"
					ToRole="ToRole_AS_DocuChecklist"/><NavigationProperty Name="NAVTANKERCHL" Relationship="ZOP_DTT_INSPECTION_APP_SRV.AS_TankerChecklist" FromRole="FromRole_AS_TankerChecklist"
					ToRole="ToRole_AS_TankerChecklist"/></EntityType>
			<EntityType Name="ET_TankerChecklist" sap:content-version="1">
				<Key><PropertyRef Name="ObjectType"/></Key><Property Name="ObjectType" Type="Edm.String" Nullable="false" MaxLength="10" sap:unicode="false" sap:label="Object Type"
					sap:creatable="false" sap:updatable="false" sap:sortable="false" sap:filterable="false"/><Property Name="Sparas" Type="Edm.String" Nullable="false" MaxLength="2" sap:unicode="false" sap:label="Language" sap:creatable="false"
					sap:updatable="false" sap:sortable="false" sap:filterable="false"/><Property Name="ChcklistCat" Type="Edm.String" Nullable="false" MaxLength="15" sap:unicode="false" sap:label="Checklist Category"
					sap:creatable="false" sap:updatable="false" sap:sortable="false" sap:filterable="false"/><Property Name="ChecklistName" Type="Edm.String" Nullable="false" MaxLength="100" sap:unicode="false" sap:label="CHecklist Name"
					sap:creatable="false" sap:updatable="false" sap:sortable="false" sap:filterable="false"/></EntityType>
			<EntityType Name="ET_DocuChecklist" sap:content-version="1">
				<Key><PropertyRef Name="ObjectType"/></Key><Property Name="ObjectType" Type="Edm.String" Nullable="false" MaxLength="10" sap:unicode="false" sap:label="Object Type"
					sap:creatable="false" sap:updatable="false" sap:sortable="false" sap:filterable="false"/><Property Name="Sparas" Type="Edm.String" Nullable="false" MaxLength="2" sap:unicode="false" sap:label="Language" sap:creatable="false"
					sap:updatable="false" sap:sortable="false" sap:filterable="false"/><Property Name="ChcklistCat" Type="Edm.String" Nullable="false" MaxLength="15" sap:unicode="false" sap:label="Checklist Category"
					sap:creatable="false" sap:updatable="false" sap:sortable="false" sap:filterable="false"/><Property Name="ChecklistName" Type="Edm.String" Nullable="false" MaxLength="100" sap:unicode="false" sap:label="CHecklist Name"
					sap:creatable="false" sap:updatable="false" sap:sortable="false" sap:filterable="false"/></EntityType>
			<EntityType Name="ET_TruckChecklist" sap:content-version="1">
				<Key><PropertyRef Name="ObjectType"/></Key><Property Name="ObjectType" Type="Edm.String" Nullable="false" MaxLength="10" sap:unicode="false" sap:label="Object Type"
					sap:creatable="false" sap:updatable="false" sap:sortable="false" sap:filterable="false"/><Property Name="Sparas" Type="Edm.String" Nullable="false" MaxLength="2" sap:unicode="false" sap:label="Language" sap:creatable="false"
					sap:updatable="false" sap:sortable="false" sap:filterable="false"/><Property Name="ChcklistCat" Type="Edm.String" Nullable="false" MaxLength="15" sap:unicode="false" sap:label="Checklist Category"
					sap:creatable="false" sap:updatable="false" sap:sortable="false" sap:filterable="false"/><Property Name="ChecklistName" Type="Edm.String" Nullable="false" MaxLength="100" sap:unicode="false" sap:label="CHecklist Name"
					sap:creatable="false" sap:updatable="false" sap:sortable="false" sap:filterable="false"/></EntityType>
			<EntityType Name="ET_Checklist_Hdr_Post" sap:content-version="1">
				<Key><PropertyRef Name="InspId"/><PropertyRef Name="Iteration"/></Key><Property Name="InspId" Type="Edm.String" Nullable="false" MaxLength="10" sap:unicode="false" sap:label="Inspection ID"
					sap:creatable="false" sap:updatable="false" sap:sortable="false" sap:filterable="false"/><Property Name="Iteration" Type="Edm.String" Nullable="false" MaxLength="6" sap:unicode="false" sap:label="Iteration" sap:creatable="false"
					sap:updatable="false" sap:sortable="false" sap:filterable="false"/><Property Name="Mandt" Type="Edm.String" Nullable="false" MaxLength="3" sap:unicode="false" sap:label="Client" sap:creatable="false"
					sap:updatable="false" sap:sortable="false" sap:filterable="false"/><Property Name="PEquipment" Type="Edm.String" Nullable="false" MaxLength="18" sap:unicode="false" sap:label="Equipment"
					sap:creatable="false" sap:updatable="false" sap:sortable="false" sap:filterable="false"/><Property Name="PlanPlant" Type="Edm.String" Nullable="false" MaxLength="4" sap:unicode="false" sap:label="Plant" sap:creatable="false"
					sap:updatable="false" sap:sortable="false" sap:filterable="false"/><Property Name="CEquipment" Type="Edm.String" Nullable="false" MaxLength="18" sap:unicode="false" sap:label="Equipment"
					sap:creatable="false" sap:updatable="false" sap:sortable="false" sap:filterable="false"/><Property Name="InspType" Type="Edm.String" Nullable="false" MaxLength="30" sap:unicode="false" sap:label="Inspection Type"
					sap:creatable="false" sap:updatable="false" sap:sortable="false" sap:filterable="false"/><Property Name="MaintPlant" Type="Edm.String" Nullable="false" MaxLength="4" sap:unicode="false" sap:label="Plant" sap:creatable="false"
					sap:updatable="false" sap:sortable="false" sap:filterable="false"/><Property Name="DriverName" Type="Edm.String" Nullable="false" MaxLength="30" sap:unicode="false" sap:label="Last/First Name"
					sap:creatable="false" sap:updatable="false" sap:sortable="false" sap:filterable="false"/><Property Name="DriverId" Type="Edm.String" Nullable="false" MaxLength="20" sap:unicode="false" sap:label="Driver ID" sap:creatable="false"
					sap:updatable="false" sap:sortable="false" sap:filterable="false"/><Property Name="ObjectType" Type="Edm.String" Nullable="false" MaxLength="10" sap:unicode="false" sap:label="Object Type"
					sap:creatable="false" sap:updatable="false" sap:sortable="false" sap:filterable="false"/><Property Name="InspLoc" Type="Edm.String" Nullable="false" MaxLength="10" sap:unicode="false" sap:label="Location" sap:creatable="false"
					sap:updatable="false" sap:sortable="false" sap:filterable="false"/><Property Name="PNotif" Type="Edm.String" Nullable="false" MaxLength="12" sap:unicode="false" sap:label="Notification" sap:creatable="false"
					sap:updatable="false" sap:sortable="false" sap:filterable="false"/><Property Name="CNotif" Type="Edm.String" Nullable="false" MaxLength="12" sap:unicode="false" sap:label="Notification" sap:creatable="false"
					sap:updatable="false" sap:sortable="false" sap:filterable="false"/><Property Name="TruckMilage" Type="Edm.String" Nullable="false" MaxLength="2" sap:unicode="false" sap:label="Truck Mileage"
					sap:creatable="false" sap:updatable="false" sap:sortable="false" sap:filterable="false"/><Property Name="PmdatePequi" Type="Edm.String" Nullable="false" MaxLength="10" sap:unicode="false"
					sap:label="Parent Eqipment Preventive Maint Date" sap:creatable="false" sap:updatable="false" sap:sortable="false" sap:filterable="false"/><Property Name="SubObjectType" Type="Edm.String" Nullable="false" MaxLength="10" sap:unicode="false" sap:label="Object Type"
					sap:creatable="false" sap:updatable="false" sap:sortable="false" sap:filterable="false"/><Property Name="InspectorId" Type="Edm.String" Nullable="false" MaxLength="12" sap:unicode="false" sap:label="User Name"
					sap:creatable="false" sap:updatable="false" sap:sortable="false" sap:filterable="false"/><Property Name="PmdateCequi" Type="Edm.String" Nullable="false" MaxLength="10" sap:unicode="false"
					sap:label="Child Eqipment Preventive Maint Date" sap:creatable="false" sap:updatable="false" sap:sortable="false" sap:filterable="false"/><Property Name="PWorkOrder" Type="Edm.String" Nullable="false" MaxLength="12" sap:unicode="false" sap:label="Order" sap:creatable="false"
					sap:updatable="false" sap:sortable="false" sap:filterable="false"/><Property Name="CWorkOrder" Type="Edm.String" Nullable="false" MaxLength="12" sap:unicode="false" sap:label="Order" sap:creatable="false"
					sap:updatable="false" sap:sortable="false" sap:filterable="false"/><Property Name="InspectorName" Type="Edm.String" Nullable="false" MaxLength="30" sap:unicode="false" sap:label="Inspector Name"
					sap:creatable="false" sap:updatable="false" sap:sortable="false" sap:filterable="false"/><Property Name="InspDate" Type="Edm.DateTime" Nullable="false" Precision="7" sap:unicode="false" sap:label="Created On"
					sap:creatable="false" sap:updatable="false" sap:sortable="false" sap:filterable="false"/><Property Name="InspTime" Type="Edm.Time" Nullable="false" Precision="0" sap:unicode="false" sap:label="Time created" sap:creatable="false"
					sap:updatable="false" sap:sortable="false" sap:filterable="false"/><NavigationProperty Name="NAVCHLPOST" Relationship="ZOP_DTT_INSPECTION_APP_SRV.AS_Checklist_Post" FromRole="FromRole_AS_Checklist_Post"
					ToRole="ToRole_AS_Checklist_Post"/></EntityType>
			<EntityType Name="ET_Checklist_Itm_Post" sap:content-version="1">
				<Key><PropertyRef Name="Iteration"/><PropertyRef Name="InspId"/></Key><Property Name="ChcklistCat" Type="Edm.String" Nullable="false" MaxLength="15" sap:unicode="false" sap:label="Checklist Category"
					sap:creatable="false" sap:updatable="false" sap:sortable="false" sap:filterable="false"/><Property Name="ObjectType" Type="Edm.String" Nullable="false" MaxLength="10" sap:unicode="false" sap:label="Object Type"
					sap:creatable="false" sap:updatable="false" sap:sortable="false" sap:filterable="false"/><Property Name="Taskcode" Type="Edm.String" Nullable="false" MaxLength="10" sap:unicode="false" sap:label="Task Code" sap:creatable="false"
					sap:updatable="false" sap:sortable="false" sap:filterable="false"/><Property Name="Iteration" Type="Edm.String" Nullable="false" MaxLength="6" sap:unicode="false" sap:label="Iteration" sap:creatable="false"
					sap:updatable="false" sap:sortable="false" sap:filterable="false"/><Property Name="TaskcodeDescr" Type="Edm.String" Nullable="false" MaxLength="100" sap:unicode="false" sap:label="Task Code Description"
					sap:creatable="false" sap:updatable="false" sap:sortable="false" sap:filterable="false"/><Property Name="Mandt" Type="Edm.String" Nullable="false" MaxLength="3" sap:unicode="false" sap:label="Client" sap:creatable="false"
					sap:updatable="false" sap:sortable="false" sap:filterable="false"/><Property Name="InspId" Type="Edm.String" Nullable="false" MaxLength="10" sap:unicode="false" sap:label="Inspection ID"
					sap:creatable="false" sap:updatable="false" sap:sortable="false" sap:filterable="false"/><Property Name="ChecklistName" Type="Edm.String" Nullable="false" MaxLength="20" sap:unicode="false" sap:label="Checklist Name"
					sap:creatable="false" sap:updatable="false" sap:sortable="false" sap:filterable="false"/><Property Name="Pass" Type="Edm.String" Nullable="false" MaxLength="1" sap:unicode="false" sap:label="Checklist Passed"
					sap:creatable="false" sap:updatable="false" sap:sortable="false" sap:filterable="false"/><Property Name="Fail" Type="Edm.String" Nullable="false" MaxLength="1" sap:unicode="false" sap:label="Checklist Failed"
					sap:creatable="false" sap:updatable="false" sap:sortable="false" sap:filterable="false"/><Property Name="Remarks" Type="Edm.String" Nullable="false" MaxLength="100" sap:unicode="false" sap:label="Remarks" sap:creatable="false"
					sap:updatable="false" sap:sortable="false" sap:filterable="false"/></EntityType>
			<EntityType Name="ET_Notification" sap:content-version="1">
				<Key><PropertyRef Name="TruckNo"/><PropertyRef Name="TankerNo"/><PropertyRef Name="ObjType"/><PropertyRef Name="SobjType"/><PropertyRef Name="ShortText"/></Key><Property Name="ParentNotif" Type="Edm.String" Nullable="false" MaxLength="12" sap:unicode="false" sap:label="Parent Notif"
					sap:creatable="false" sap:updatable="false" sap:sortable="false" sap:filterable="false"/><Property Name="ChildNotif" Type="Edm.String" Nullable="false" MaxLength="12" sap:unicode="false" sap:label="Child Notif"
					sap:creatable="false" sap:updatable="false" sap:sortable="false" sap:filterable="false"/><Property Name="PnotifType" Type="Edm.String" Nullable="false" MaxLength="2" sap:unicode="false" sap:label="Parent Notif Type"
					sap:creatable="false" sap:updatable="false" sap:sortable="false" sap:filterable="false"/><Property Name="CnotifType" Type="Edm.String" Nullable="false" MaxLength="2" sap:unicode="false" sap:label="Child Notif Type"
					sap:creatable="false" sap:updatable="false" sap:sortable="false" sap:filterable="false"/><Property Name="TruckNo" Type="Edm.String" Nullable="false" MaxLength="18" sap:unicode="false" sap:label="Parent Equipment"
					sap:creatable="false" sap:updatable="false" sap:sortable="false" sap:filterable="false"/><Property Name="TankerNo" Type="Edm.String" Nullable="false" MaxLength="18" sap:unicode="false" sap:label="Child Equipment"
					sap:creatable="false" sap:updatable="false" sap:sortable="false" sap:filterable="false"/><Property Name="ObjType" Type="Edm.String" Nullable="false" MaxLength="10" sap:unicode="false" sap:label="Object Type" sap:creatable="false"
					sap:updatable="false" sap:sortable="false" sap:filterable="false"/><Property Name="SobjType" Type="Edm.String" Nullable="false" MaxLength="10" sap:unicode="false" sap:label="Sub Object Type"
					sap:creatable="false" sap:updatable="false" sap:sortable="false" sap:filterable="false"/><Property Name="ShortText" Type="Edm.String" Nullable="false" MaxLength="40" sap:unicode="false" sap:label="Description"
					sap:creatable="false" sap:updatable="false" sap:sortable="false" sap:filterable="false"/><Property Name="MessageType" Type="Edm.String" Nullable="false" MaxLength="1" sap:unicode="false" sap:label="Message Type"
					sap:creatable="false" sap:updatable="false" sap:sortable="false" sap:filterable="false"/><Property Name="Message" Type="Edm.String" Nullable="false" MaxLength="220" sap:unicode="false" sap:label="Message" sap:creatable="false"
					sap:updatable="false" sap:sortable="false" sap:filterable="false"/></EntityType>
			<EntityType Name="ET_Insp_F4" sap:content-version="1">
				<Key><PropertyRef Name="F4Id"/></Key><Property Name="IF4id" Type="Edm.String" Nullable="false" MaxLength="20" sap:unicode="false" sap:label="Character Field Length = 10"
					sap:creatable="false" sap:updatable="false" sap:sortable="false" sap:filterable="false"/><Property Name="IUiId" Type="Edm.String" Nullable="false" MaxLength="20" sap:unicode="false" sap:label="Character Field Length = 10"
					sap:creatable="false" sap:updatable="false" sap:sortable="false" sap:filterable="false"/><Property Name="IUiValue" Type="Edm.String" Nullable="false" MaxLength="20" sap:unicode="false" sap:label="Character Field Length = 10"
					sap:creatable="false" sap:updatable="false" sap:sortable="false" sap:filterable="false"/><Property Name="F4Id" Type="Edm.String" Nullable="false" MaxLength="20" sap:unicode="false" sap:label="F4 ID" sap:creatable="false"
					sap:updatable="false" sap:sortable="false" sap:filterable="false"/><Property Name="InspType" Type="Edm.String" Nullable="false" MaxLength="30" sap:unicode="false" sap:label="Inspection Type"
					sap:creatable="false" sap:updatable="false" sap:sortable="false" sap:filterable="false"/><Property Name="InspectionId" Type="Edm.String" Nullable="false" MaxLength="10" sap:unicode="false" sap:label="Inspection ID"
					sap:creatable="false" sap:updatable="false" sap:sortable="false" sap:filterable="false"/><Property Name="InspectorId" Type="Edm.String" Nullable="false" MaxLength="12" sap:unicode="false" sap:label="User Name"
					sap:creatable="false" sap:updatable="false" sap:sortable="false" sap:filterable="false"/><Property Name="InspectorName" Type="Edm.String" Nullable="false" MaxLength="30" sap:unicode="false" sap:label="Last/First Name"
					sap:creatable="false" sap:updatable="false" sap:sortable="false" sap:filterable="false"/><Property Name="DriverId" Type="Edm.String" Nullable="false" MaxLength="20" sap:unicode="false" sap:label="Driver ID" sap:creatable="false"
					sap:updatable="false" sap:sortable="false" sap:filterable="false"/><Property Name="DriverName" Type="Edm.String" Nullable="false" MaxLength="30" sap:unicode="false" sap:label="Last/First Name"
					sap:creatable="false" sap:updatable="false" sap:sortable="false" sap:filterable="false"/><Property Name="Plant" Type="Edm.String" Nullable="false" MaxLength="4" sap:unicode="false" sap:label="Plant" sap:creatable="false"
					sap:updatable="false" sap:sortable="false" sap:filterable="false"/><Property Name="ObjType" Type="Edm.String" Nullable="false" MaxLength="10" sap:unicode="false" sap:label="Object Type" sap:creatable="false"
					sap:updatable="false" sap:sortable="false" sap:filterable="false"/><Property Name="VehicleNo" Type="Edm.String" Nullable="false" MaxLength="18" sap:unicode="false" sap:label="Equipment" sap:creatable="false"
					sap:updatable="false" sap:sortable="false" sap:filterable="false"/><Property Name="VehicleDescr" Type="Edm.String" Nullable="false" MaxLength="40" sap:unicode="false" sap:label="Description"
					sap:creatable="false" sap:updatable="false" sap:sortable="false" sap:filterable="false"/><Property Name="InspLoc" Type="Edm.String" Nullable="false" MaxLength="10" sap:unicode="false" sap:label="Location" sap:creatable="false"
					sap:updatable="false" sap:sortable="false" sap:filterable="false"/><Property Name="VehiclePmDate" Type="Edm.String" Nullable="false" MaxLength="10" sap:unicode="false"
					sap:label="Next date for Prventive Maintenance" sap:creatable="false" sap:updatable="false" sap:sortable="false" sap:filterable="false"/><Property Name="TaskCode" Type="Edm.String" Nullable="false" MaxLength="6" sap:unicode="false" sap:label="Task Code" sap:creatable="false"
					sap:updatable="false" sap:sortable="false" sap:filterable="false"/><Property Name="TaskcodeDescr" Type="Edm.String" Nullable="false" MaxLength="100" sap:unicode="false" sap:label="Task Code Descr"
					sap:creatable="false" sap:updatable="false" sap:sortable="false" sap:filterable="false"/><Property Name="Message" Type="Edm.String" Nullable="false" MaxLength="220" sap:unicode="false" sap:label="Message" sap:creatable="false"
					sap:updatable="false" sap:sortable="false" sap:filterable="false"/><Property Name="MsgType" Type="Edm.String" Nullable="false" MaxLength="1" sap:unicode="false" sap:label="Message Type" sap:creatable="false"
					sap:updatable="false" sap:sortable="false" sap:filterable="false"/></EntityType>
			<Association Name="AS_Checklist_Post" sap:content-version="1"><End Type="ZOP_DTT_INSPECTION_APP_SRV.ET_Checklist_Hdr_Post" Multiplicity="1" Role="FromRole_AS_Checklist_Post"/><End Type="ZOP_DTT_INSPECTION_APP_SRV.ET_Checklist_Itm_Post" Multiplicity="*" Role="ToRole_AS_Checklist_Post"/>
				<ReferentialConstraint>
					<Principal Role="FromRole_AS_Checklist_Post"><PropertyRef Name="InspId"/><PropertyRef Name="Iteration"/></Principal>
					<Dependent Role="ToRole_AS_Checklist_Post"><PropertyRef Name="InspId"/><PropertyRef Name="Iteration"/></Dependent>
				</ReferentialConstraint>
			</Association>
			<Association Name="AS_DocuChecklist" sap:content-version="1"><End Type="ZOP_DTT_INSPECTION_APP_SRV.ET_Checklist" Multiplicity="1" Role="FromRole_AS_DocuChecklist"/><End Type="ZOP_DTT_INSPECTION_APP_SRV.ET_DocuChecklist" Multiplicity="*" Role="ToRole_AS_DocuChecklist"/>
				<ReferentialConstraint>
					<Principal Role="FromRole_AS_DocuChecklist"><PropertyRef Name="ObjectType"/></Principal>
					<Dependent Role="ToRole_AS_DocuChecklist"><PropertyRef Name="ObjectType"/></Dependent>
				</ReferentialConstraint>
			</Association>
			<Association Name="AS_TruckChecklist" sap:content-version="1"><End Type="ZOP_DTT_INSPECTION_APP_SRV.ET_Checklist" Multiplicity="1" Role="FromRole_AS_TruckChecklist"/><End Type="ZOP_DTT_INSPECTION_APP_SRV.ET_TruckChecklist" Multiplicity="*" Role="ToRole_AS_TruckChecklist"/>
				<ReferentialConstraint>
					<Principal Role="FromRole_AS_TruckChecklist"><PropertyRef Name="ObjectType"/></Principal>
					<Dependent Role="ToRole_AS_TruckChecklist"><PropertyRef Name="ObjectType"/></Dependent>
				</ReferentialConstraint>
			</Association>
			<Association Name="AS_TankerChecklist" sap:content-version="1"><End Type="ZOP_DTT_INSPECTION_APP_SRV.ET_Checklist" Multiplicity="1" Role="FromRole_AS_TankerChecklist"/><End Type="ZOP_DTT_INSPECTION_APP_SRV.ET_TankerChecklist" Multiplicity="*" Role="ToRole_AS_TankerChecklist"/>
				<ReferentialConstraint>
					<Principal Role="FromRole_AS_TankerChecklist"><PropertyRef Name="ObjectType"/></Principal>
					<Dependent Role="ToRole_AS_TankerChecklist"><PropertyRef Name="ObjectType"/></Dependent>
				</ReferentialConstraint>
			</Association>
			<EntityContainer Name="ZOP_DTT_INSPECTION_APP_SRV_Entities" m:IsDefaultEntityContainer="true" sap:supported-formats="atom json xlsx"><EntitySet Name="ET_ChecklistSet" EntityType="ZOP_DTT_INSPECTION_APP_SRV.ET_Checklist" sap:label="Parent: Checklist" sap:creatable="false"
				sap:updatable="false" sap:deletable="false" sap:pageable="false" sap:addressable="false" sap:content-version="1"/><EntitySet Name="ET_TankerChecklistSet" EntityType="ZOP_DTT_INSPECTION_APP_SRV.ET_TankerChecklist" sap:label="Child: Truck Tanker Checklist"
				sap:creatable="false" sap:updatable="false" sap:deletable="false" sap:pageable="false" sap:addressable="false" sap:content-version="1"/><EntitySet Name="ET_DocuChecklistSet" EntityType="ZOP_DTT_INSPECTION_APP_SRV.ET_DocuChecklist" sap:label="Child: Bobtail Checklist"
				sap:creatable="false" sap:updatable="false" sap:deletable="false" sap:pageable="false" sap:content-version="1"/><EntitySet Name="ET_TruckChecklistSet" EntityType="ZOP_DTT_INSPECTION_APP_SRV.ET_TruckChecklist" sap:label="Child: Flat Bed Checklist"
				sap:creatable="false" sap:updatable="false" sap:deletable="false" sap:pageable="false" sap:content-version="1"/><EntitySet Name="ET_Checklist_Hdr_PostSet" EntityType="ZOP_DTT_INSPECTION_APP_SRV.ET_Checklist_Hdr_Post" sap:creatable="false"
				sap:updatable="false" sap:deletable="false" sap:pageable="false" sap:content-version="1"/><EntitySet Name="ET_Checklist_Itm_PostSet" EntityType="ZOP_DTT_INSPECTION_APP_SRV.ET_Checklist_Itm_Post" sap:creatable="false"
				sap:updatable="false" sap:deletable="false" sap:pageable="false" sap:content-version="1"/><EntitySet Name="ES_NotificationSet" EntityType="ZOP_DTT_INSPECTION_APP_SRV.ET_Notification" sap:label="Notification Creation"
				sap:creatable="false" sap:updatable="false" sap:deletable="false" sap:pageable="false" sap:content-version="1"/><EntitySet Name="ET_Insp_F4Set" EntityType="ZOP_DTT_INSPECTION_APP_SRV.ET_Insp_F4" sap:creatable="false" sap:updatable="false"
				sap:deletable="false" sap:pageable="false" sap:content-version="1"/>
				<AssociationSet Name="AS_DocuChecklistSet" Association="ZOP_DTT_INSPECTION_APP_SRV.AS_DocuChecklist" sap:creatable="false"
					sap:updatable="false" sap:deletable="false" sap:content-version="1"><End EntitySet="ET_ChecklistSet" Role="FromRole_AS_DocuChecklist"/><End EntitySet="ET_DocuChecklistSet" Role="ToRole_AS_DocuChecklist"/></AssociationSet>
				<AssociationSet Name="AS_TruckChecklistSet" Association="ZOP_DTT_INSPECTION_APP_SRV.AS_TruckChecklist" sap:creatable="false"
					sap:updatable="false" sap:deletable="false" sap:content-version="1"><End EntitySet="ET_ChecklistSet" Role="FromRole_AS_TruckChecklist"/><End EntitySet="ET_TruckChecklistSet" Role="ToRole_AS_TruckChecklist"/></AssociationSet>
				<AssociationSet Name="AS_Checklist_PostSet" Association="ZOP_DTT_INSPECTION_APP_SRV.AS_Checklist_Post" sap:creatable="false"
					sap:updatable="false" sap:deletable="false" sap:content-version="1"><End EntitySet="ET_Checklist_Hdr_PostSet" Role="FromRole_AS_Checklist_Post"/><End EntitySet="ET_Checklist_Itm_PostSet" Role="ToRole_AS_Checklist_Post"/></AssociationSet>
				<AssociationSet Name="AS_TruckTankerSet" Association="ZOP_DTT_INSPECTION_APP_SRV.AS_TankerChecklist" sap:creatable="false"
					sap:updatable="false" sap:deletable="false" sap:content-version="1"><End EntitySet="ET_ChecklistSet" Role="FromRole_AS_TankerChecklist"/><End EntitySet="ET_TankerChecklistSet" Role="ToRole_AS_TankerChecklist"/></AssociationSet>
			</EntityContainer><atom:link xmlns:atom="http://www.w3.org/2005/Atom" rel="self" href="./sap/ZOP_DTT_INSPECTION_APP_SRV/$metadata"/><atom:link xmlns:atom="http://www.w3.org/2005/Atom" rel="latest-version" href="./sap/ZOP_DTT_INSPECTION_APP_SRV/$metadata"/></Schema>
	</edmx:DataServices>
</edmx:Edmx>