<core:FragmentDefinition xmlns:core="sap.ui.core" 	xmlns="sap.m">
		<TableSelectDialog class="sapUiSizeCompact" width="30%" height="20%"
		noDataText="No Driver Found"
		title="Select Driver"
		search=".handleSearch"
		searchPlaceholder="Search Products"
		confirm=".handleValueHelpClose"
		cancel=".handleValueHelpClose"
		items="{driversModel>/results}">
			
			
		<ColumnListItem selected="{selected}">
			<cells>
				<Text text="{driversModel>DriverId}" />
				<Text text="{driversModel>DriverName}" />
				
			</cells>
		</ColumnListItem>
		<columns>
			<Column>
				<header>
					<Text text="Driver Id" />
				</header>
			</Column>
				<Column>
				<header>
					<Text text="Driver Name" />
				</header>
			</Column>
		</columns>
	</TableSelectDialog>
	
	<!--<ValueHelpDialog title="Driver" ok=".onValueHelpDriverOkPress" cancel=".onValueHelpDriverCancelPress" id="idDriver"-->
	<!--	afterClose=".onValueHelpAfterClose" descriptionKey="Name" supportRanges="true"  maxIncludeRanges="1000"-->
	<!--	maxExcludeRanges="0" contentHeight="30rem" contentWidth="35rem">-->
	<!--		<filterBar>-->
	<!--		<fb:FilterBar advancedMode="true" search=".onFilterBarSearch" isRunningInValueHelpDialog="true">-->
	<!--			<fb:filterGroupItems>-->
	<!--				<fb:FilterGroupItem-->
	<!--					groupName="__$INTERNAL$"-->
	<!--					name="Plant"-->
	<!--					label="Plant"-->
	<!--					visibleInFilterBar="true">-->
	<!--					<fb:control>-->
	<!--						<m:Input name="Plant" />-->
	<!--					</fb:control>-->
	<!--				</fb:FilterGroupItem>-->
	<!--				<fb:FilterGroupItem-->
	<!--					groupName="__$INTERNAL$"-->
	<!--					name="DriverId"-->
	<!--					label="Driver Name"-->
	<!--					visibleInFilterBar="true">-->
	<!--					<fb:control>-->
	<!--						<m:Input name="DriverName" />-->
	<!--					</fb:control>-->
	<!--				</fb:FilterGroupItem>-->
	<!--			</fb:filterGroupItems>-->
	<!--		</fb:FilterBar>-->
	<!--	</filterBar>-->
	<!--</ValueHelpDialog>-->
</core:FragmentDefinition>