<core:FragmentDefinition xmlns:core="sap.ui.core" 	xmlns="sap.m">
		<TableSelectDialog class="sapUiSizeCompact" width="30%" height="20%"
		noDataText="No Equipment Found"
		title="Select Equipment"
		search=".handleEquipmentSearch"
		searchPlaceholder="Search Equipment"
		confirm=".handleEquipmentValueHelpClose"
		cancel=".handleEquipmentValueHelpClose"
		items="{equipmentModel>/results}">
			
			
		<ColumnListItem>
			<cells>
				<Text text="{equipmentModel>Plant}" />
				<Text text="{equipmentModel>Vehicle}" />
				<Text text="{equipmentModel>Text}" />
				<Text text="{equipmentModel>EqType}" />
				
			</cells>
		</ColumnListItem>
		<columns>
			<Column>
				<header>
					<Text text="Plant" />
				</header>
			</Column>
			<Column>
				<header>
					<Text text="Vehicle" />
				</header>
			</Column>
				<Column>
				<header>
					<Text text="Vehicle Description" />
				</header>
			</Column>
			<Column>
				<header>
					<Text text="Equipment Type" />
				</header>
			</Column>
		</columns>
	</TableSelectDialog>
</core:FragmentDefinition>